lock_id,portfolio_group,model_id,route_id,domain_id,horizon,p5_candidate_role,enter_p5_test_once_main,evidence_source_stage,source_summary_manifest,source_validation_metrics_csv,source_formal_run_id,source_seed,validation_metric_scope,validation_wape,selected_config_or_variant,selected_feature_policy,adaptation_kind,uses_lightgbm_equivalent_features,full_train_or_refit_required_for_p5,p5_train_sample_policy,p5_test_subset_manifest,p5_test_split,test_access_allowed_now,test_once_required_after_lock,uses_cuda,uses_lightgbm,lightgbm_n_jobs_single_run,lightgbm_global_concurrent_n_jobs_budget,python_env,p5_epochs,p5_batch_size,p5_eval_batch_size,parameter_count_total,parameter_count_trainable,source_test_predictions_generated,p5_command_template,boundary,p5_lora_rank,p5_lora_alpha,p5_lora_dropout,p5_learning_rate,p5_run_id,p5_adapter_bottleneck,p5_adapter_dropout,p5_weight_decay,p5_gradient_clip,chronos2_train4096_validation_policy,chronos2_train4096_reference_mean_wape,chronos2_train4096_reference_best_wape,chronos2_train4096_reference_seed,chronos2_train4096_application_decision,chronos2_train4096_application_source
p3_4by_itransformer_aidc_power_optional_24h,non_tsfm,itransformer,itransformer,aidc_power_optional,24h,strong_baseline,True,p3_4j_validation_shortlist,config/routes/itransformer_aidc_power_optional_24h.json,,p3_4_formal_tuned_validation_itransformer_aidc_power_optional_24h_trials1_seed20260612,20260612.0,full_day,0.1368722351768889,p3_4j_locked,model_native,supervised_full_train_refit,False,True,full_train_refit_before_test_once,data/energy_tsfm_formal_windows/p3_target_pure_v0_codex_20260514/subset_manifest.json,test,False,True,True,False,,,python,,,,169874528.0,,False,python scripts/run_p5_main_test_once.py --model itransformer --domain aidc_power_optional --horizon 24h --config-source config/routes/itransformer_aidc_power_optional_24h.json --subset-manifest data/energy_tsfm_formal_windows/p3_target_pure_v0_codex_20260514/subset_manifest.json --split test --full-train-refit --run-id p5_itransformer_aidc_power_optional_24h_codex_locked --device cuda,P5-pre executable lock only; no test access and no P5 metric claim.,,,,,,,,,,,,,,,
p3_4by_itransformer_aidc_power_optional_4h,non_tsfm,itransformer,itransformer,aidc_power_optional,4h,strong_baseline,True,p3_4j_validation_shortlist,config/routes/itransformer_aidc_power_optional_4h.json,,p3_4_formal_tuned_validation_itransformer_aidc_power_optional_4h_trials1_seed20260611,20260611.0,full_day,0.0870253587187403,p3_4j_locked,model_native,supervised_full_train_refit,False,True,full_train_refit_before_test_once,data/energy_tsfm_formal_windows/p3_target_pure_v0_codex_20260514/subset_manifest.json,test,False,True,True,False,,,python,,,,90528016.0,,False,python scripts/run_p5_main_test_once.py --model itransformer --domain aidc_power_optional --horizon 4h --config-source config/routes/itransformer_aidc_power_optional_4h.json --subset-manifest data/energy_tsfm_formal_windows/p3_target_pure_v0_codex_20260514/subset_manifest.json --split test --full-train-refit --run-id p5_itransformer_aidc_power_optional_4h_codex_locked --device cuda,P5-pre executable lock only; no test access and no P5 metric claim.,,,,,,,,,,,,,,,
p3_4by_itransformer_aluminum_load_24h,non_tsfm,itransformer,itransformer,aluminum_load,24h,strong_baseline,True,p3_4bc_full_validation_confirmation,config/routes/itransformer_aluminum_load_24h.json,,p3_4_formal_tuned_validation_itransformer_aluminum_load_24h_trials1_seed20260614,20260614.0,full_day,0.0007533748410084,p3_4bc_confirmed,model_native,supervised_full_train_refit,False,True,full_train_refit_before_test_once,data/energy_tsfm_formal_windows/p3_target_pure_v0_codex_20260514/subset_manifest.json,test,False,True,True,False,,,python,,,,362528352.0,,False,python scripts/run_p5_main_test_once.py --model itransformer --domain aluminum_load --horizon 24h --config-source config/routes/itransformer_aluminum_load_24h.json --subset-manifest data/energy_tsfm_formal_windows/p3_target_pure_v0_codex_20260514/subset_manifest.json --split test --full-train-refit --run-id p5_itransformer_aluminum_load_24h_codex_locked --device cuda,P5-pre executable lock only; no test access and no P5 metric claim.,,,,,,,,,,,,,,,
p3_4by_itransformer_aluminum_load_4h,non_tsfm,itransformer,itransformer,aluminum_load,4h,strong_baseline,True,p3_4j_validation_shortlist,config/routes/itransformer_aluminum_load_4h.json,,p3_4_formal_tuned_validation_itransformer_aluminum_load_4h_trials1_seed20260525,20260525.0,full_day,0.0006160907666706,p3_4j_locked,model_native,supervised_full_train_refit,False,True,full_train_refit_before_test_once,data/energy_tsfm_formal_windows/p3_target_pure_v0_codex_20260514/subset_manifest.json,test,False,True,True,False,,,python,,,,34909200.0,,False,python scripts/run_p5_main_test_once.py --model itransformer --domain aluminum_load --horizon 4h --config-source config/routes/itransformer_aluminum_load_4h.json --subset-manifest data/energy_tsfm_formal_windows/p3_target_pure_v0_codex_20260514/subset_manifest.json --split test --full-train-refit --run-id p5_itransformer_aluminum_load_4h_codex_locked --device cuda,P5-pre executable lock only; no test access and no P5 metric claim.,,,,,,,,,,,,,,,
p3_4by_itransformer_arena_pv_24h,non_tsfm,itransformer,itransformer,arena_pv,24h,strong_baseline,True,p3_4j_validation_shortlist,config/routes/itransformer_arena_pv_24h.json,,p3_4_formal_tuned_validation_itransformer_arena_pv_24h_trials1_seed20260616,20260616.0,full_day,0.6073163816916445,p3_4j_locked,model_native,supervised_full_train_refit,False,True,full_train_refit_before_test_once,data/energy_tsfm_formal_windows/p3_target_pure_v0_codex_20260514/subset_manifest.json,test,False,True,True,False,,,python,,,,221663072.0,,False,python scripts/run_p5_main_test_once.py --model itransformer --domain arena_pv --horizon 24h --config-source config/routes/itransformer_arena_pv_24h.json --subset-manifest data/energy_tsfm_formal_windows/p3_target_pure_v0_codex_20260514/subset_manifest.json --split test --full-train-refit --run-id p5_itransformer_arena_pv_24h_codex_locked --device cuda,P5-pre executable lock only; no test access and no P5 metric claim.,,,,,,,,,,,,,,,
p3_4by_itransformer_arena_pv_4h,non_tsfm,itransformer,itransformer,arena_pv,4h,strong_baseline,True,p3_4j_validation_shortlist,config/routes/itransformer_arena_pv_4h.json,,p3_4_formal_tuned_validation_itransformer_arena_pv_4h_trials1_seed20260615,20260615.0,full_day,0.4169430648808809,p3_4j_locked,model_native,supervised_full_train_refit,False,True,full_train_refit_before_test_once,data/energy_tsfm_formal_windows/p3_target_pure_v0_codex_20260514/subset_manifest.json,test,False,True,True,False,,,python,,,,169219088.0,,False,python scripts/run_p5_main_test_once.py --model itransformer --domain arena_pv --horizon 4h --config-source config/routes/itransformer_arena_pv_4h.json --subset-manifest data/energy_tsfm_formal_windows/p3_target_pure_v0_codex_20260514/subset_manifest.json --split test --full-train-refit --run-id p5_itransformer_arena_pv_4h_codex_locked --device cuda,P5-pre executable lock only; no test access and no P5 metric claim.,,,,,,,,,,,,,,,
p3_4by_itransformer_microgrid_load_24h,non_tsfm,itransformer,itransformer,microgrid_load,24h,strong_baseline,True,p3_4bc_full_validation_confirmation,config/routes/itransformer_microgrid_load_24h.json,,p3_4_formal_tuned_validation_itransformer_microgrid_load_24h_trials1_seed20260618,20260618.0,full_day,0.1009551145467004,p3_4bc_confirmed,model_native,supervised_full_train_refit,False,True,full_train_refit_before_test_once,data/energy_tsfm_formal_windows/p3_target_pure_v0_codex_20260514/subset_manifest.json,test,False,True,True,False,,,python,,,,166898832.0,,False,python scripts/run_p5_main_test_once.py --model itransformer --domain microgrid_load --horizon 24h --config-source config/routes/itransformer_microgrid_load_24h.json --subset-manifest data/energy_tsfm_formal_windows/p3_target_pure_v0_codex_20260514/subset_manifest.json --split test --full-train-refit --run-id p5_itransformer_microgrid_load_24h_codex_locked --device cuda,P5-pre executable lock only; no test access and no P5 metric claim.,,,,,,,,,,,,,,,
p3_4by_itransformer_microgrid_load_4h,non_tsfm,itransformer,itransformer,microgrid_load,4h,strong_baseline,True,p3_4j_validation_shortlist,config/routes/itransformer_microgrid_load_4h.json,,p3_4_formal_tuned_validation_itransformer_microgrid_load_4h_trials1_seed20260617,20260617.0,full_day,0.0871199174010709,p3_4j_locked,model_native,supervised_full_train_refit,False,True,full_train_refit_before_test_once,data/energy_tsfm_formal_windows/p3_target_pure_v0_codex_20260514/subset_manifest.json,test,False,True,True,False,,,python,,,,90614808.0,,False,python scripts/run_p5_main_test_once.py --model itransformer --domain microgrid_load --horizon 4h --config-source config/routes/itransformer_microgrid_load_4h.json --subset-manifest data/energy_tsfm_formal_windows/p3_target_pure_v0_codex_20260514/subset_manifest.json --split test --full-train-refit --run-id p5_itransformer_microgrid_load_4h_codex_locked --device cuda,P5-pre executable lock only; no test access and no P5 metric claim.,,,,,,,,,,,,,,,
p3_4by_itransformer_provincial_load_24h,non_tsfm,itransformer,itransformer,provincial_load,24h,strong_baseline,True,p3_4j_validation_shortlist,config/routes/itransformer_provincial_load_24h.json,,p3_4_formal_tuned_validation_itransformer_provincial_load_24h_trials1_seed20260620,20260620.0,full_day,0.0292015527509169,p3_4j_locked,model_native,supervised_full_train_refit,False,True,full_train_refit_before_test_once,data/energy_tsfm_formal_windows/p3_target_pure_v0_codex_20260514/subset_manifest.json,test,False,True,True,False,,,python,,,,166569312.0,,False,python scripts/run_p5_main_test_once.py --model itransformer --domain provincial_load --horizon 24h --config-source config/routes/itransformer_provincial_load_24h.json --subset-manifest data/energy_tsfm_formal_windows/p3_target_pure_v0_codex_20260514/subset_manifest.json --split test --full-train-refit --run-id p5_itransformer_provincial_load_24h_codex_locked --device cuda,P5-pre executable lock only; no test access and no P5 metric claim.,,,,,,,,,,,,,,,
p3_4by_itransformer_provincial_load_4h,non_tsfm,itransformer,itransformer,provincial_load,4h,strong_baseline,True,p3_4j_validation_shortlist,config/routes/itransformer_provincial_load_4h.json,,p3_4_formal_tuned_validation_itransformer_provincial_load_4h_trials1_seed20260619,20260619.0,full_day,0.0182763310728341,p3_4j_locked,model_native,supervised_full_train_refit,False,True,full_train_refit_before_test_once,data/energy_tsfm_formal_windows/p3_target_pure_v0_codex_20260514/subset_manifest.json,test,False,True,True,False,,,python,,,,110980880.0,,False,python scripts/run_p5_main_test_once.py --model itransformer --domain provincial_load --horizon 4h --config-source config/routes/itransformer_provincial_load_4h.json --subset-manifest data/energy_tsfm_formal_windows/p3_target_pure_v0_codex_20260514/subset_manifest.json --split test --full-train-refit --run-id p5_itransformer_provincial_load_4h_codex_locked --device cuda,P5-pre executable lock only; no test access and no P5 metric claim.,,,,,,,,,,,,,,,
p3_4by_lightgbm_aidc_power_optional_24h,non_tsfm,lightgbm,lightgbm,aidc_power_optional,24h,strong_baseline,True,p3_4j_validation_shortlist,config/routes/lightgbm_aidc_power_optional_24h.json,,p3_4_formal_tuned_validation_lightgbm_aidc_power_optional_24h_trials1_seed20260602,20260602.0,full_day,0.1730522191238639,p3_4j_locked,model_native,supervised_full_train_refit,True,True,full_train_refit_before_test_once,data/energy_tsfm_formal_windows/p3_target_pure_v0_codex_20260514/subset_manifest.json,test,False,True,False,True,36.0,36.0,python,,,,,,False,python scripts/run_p5_main_test_once.py --model lightgbm --domain aidc_power_optional --horizon 24h --config-source config/routes/lightgbm_aidc_power_optional_24h.json --subset-manifest data/energy_tsfm_formal_windows/p3_target_pure_v0_codex_20260514/subset_manifest.json --split test --full-train-refit --run-id p5_lightgbm_aidc_power_optional_24h_codex_locked --lightgbm-n-jobs 36,P5-pre executable lock only; no test access and no P5 metric claim.,,,,,,,,,,,,,,,
p3_4by_lightgbm_aidc_power_optional_4h,non_tsfm,lightgbm,lightgbm,aidc_power_optional,4h,strong_baseline,True,p3_4j_validation_shortlist,config/routes/lightgbm_aidc_power_optional_4h.json,,p3_4_formal_tuned_validation_lightgbm_aidc_power_optional_4h_trials1_seed20260601,20260601.0,full_day,0.1033861777383352,p3_4j_locked,model_native,supervised_full_train_refit,True,True,full_train_refit_before_test_once,data/energy_tsfm_formal_windows/p3_target_pure_v0_codex_20260514/subset_manifest.json,test,False,True,False,True,36.0,36.0,python,,,,,,False,python scripts/run_p5_main_test_once.py --model lightgbm --domain aidc_power_optional --horizon 4h --config-source config/routes/lightgbm_aidc_power_optional_4h.json --subset-manifest data/energy_tsfm_formal_windows/p3_target_pure_v0_codex_20260514/subset_manifest.json --split test --full-train-refit --run-id p5_lightgbm_aidc_power_optional_4h_codex_locked --lightgbm-n-jobs 36,P5-pre executable lock only; no test access and no P5 metric claim.,,,,,,,,,,,,,,,
p3_4by_lightgbm_aluminum_load_24h,non_tsfm,lightgbm,lightgbm,aluminum_load,24h,strong_baseline,True,p3_4j_validation_shortlist,config/routes/lightgbm_aluminum_load_24h.json,,p3_4_formal_tuned_validation_lightgbm_aluminum_load_24h_trials1_seed20260604,20260604.0,full_day,0.1454457533790234,p3_4j_locked,model_native,supervised_full_train_refit,True,True,full_train_refit_before_test_once,data/energy_tsfm_formal_windows/p3_target_pure_v0_codex_20260514/subset_manifest.json,test,False,True,False,True,36.0,36.0,python,,,,,,False,python scripts/run_p5_main_test_once.py --model lightgbm --domain aluminum_load --horizon 24h --config-source config/routes/lightgbm_aluminum_load_24h.json --subset-manifest data/energy_tsfm_formal_windows/p3_target_pure_v0_codex_20260514/subset_manifest.json --split test --full-train-refit --run-id p5_lightgbm_aluminum_load_24h_codex_locked --lightgbm-n-jobs 36,P5-pre executable lock only; no test access and no P5 metric claim.,,,,,,,,,,,,,,,
p3_4by_lightgbm_aluminum_load_4h,non_tsfm,lightgbm,lightgbm,aluminum_load,4h,strong_baseline,True,p3_4j_validation_shortlist,config/routes/lightgbm_aluminum_load_4h.json,,p3_4_formal_tuned_validation_lightgbm_aluminum_load_4h_trials1_seed20260521,20260521.0,full_day,0.0187003588632243,p3_4j_locked,model_native,supervised_full_train_refit,True,True,full_train_refit_before_test_once,data/energy_tsfm_formal_windows/p3_target_pure_v0_codex_20260514/subset_manifest.json,test,False,True,False,True,36.0,36.0,python,,,,,,False,python scripts/run_p5_main_test_once.py --model lightgbm --domain aluminum_load --horizon 4h --config-source config/routes/lightgbm_aluminum_load_4h.json --subset-manifest data/energy_tsfm_formal_windows/p3_target_pure_v0_codex_20260514/subset_manifest.json --split test --full-train-refit --run-id p5_lightgbm_aluminum_load_4h_codex_locked --lightgbm-n-jobs 36,P5-pre executable lock only; no test access and no P5 metric claim.,,,,,,,,,,,,,,,
p3_4by_lightgbm_arena_pv_24h,non_tsfm,lightgbm,lightgbm,arena_pv,24h,strong_baseline,True,p3_4bc_full_validation_confirmation,config/routes/lightgbm_arena_pv_24h.json,,p3_4_formal_tuned_validation_lightgbm_arena_pv_24h_trials1_seed20260606,20260606.0,full_day,0.5312216532634085,p3_4bc_confirmed,model_native,supervised_full_train_refit,True,True,full_train_refit_before_test_once,data/energy_tsfm_formal_windows/p3_target_pure_v0_codex_20260514/subset_manifest.json,test,False,True,False,True,36.0,36.0,python,,,,,,False,python scripts/run_p5_main_test_once.py --model lightgbm --domain arena_pv --horizon 24h --config-source config/routes/lightgbm_arena_pv_24h.json --subset-manifest data/energy_tsfm_formal_windows/p3_target_pure_v0_codex_20260514/subset_manifest.json --split test --full-train-refit --run-id p5_lightgbm_arena_pv_24h_codex_locked --lightgbm-n-jobs 36,P5-pre executable lock only; no test access and no P5 metric claim.,,,,,,,,,,,,,,,
p3_4by_lightgbm_arena_pv_4h,non_tsfm,lightgbm,lightgbm,arena_pv,4h,strong_baseline,True,p3_4j_validation_shortlist,config/routes/lightgbm_arena_pv_4h.json,,p3_4_formal_tuned_validation_lightgbm_arena_pv_4h_trials1_seed20260605,20260605.0,full_day,0.3796236371976353,p3_4j_locked,model_native,supervised_full_train_refit,True,True,full_train_refit_before_test_once,data/energy_tsfm_formal_windows/p3_target_pure_v0_codex_20260514/subset_manifest.json,test,False,True,False,True,36.0,36.0,python,,,,,,False,python scripts/run_p5_main_test_once.py --model lightgbm --domain arena_pv --horizon 4h --config-source config/routes/lightgbm_arena_pv_4h.json --subset-manifest data/energy_tsfm_formal_windows/p3_target_pure_v0_codex_20260514/subset_manifest.json --split test --full-train-refit --run-id p5_lightgbm_arena_pv_4h_codex_locked --lightgbm-n-jobs 36,P5-pre executable lock only; no test access and no P5 metric claim.,,,,,,,,,,,,,,,
p3_4by_lightgbm_microgrid_load_24h,non_tsfm,lightgbm,lightgbm,microgrid_load,24h,strong_baseline,True,p3_4j_validation_shortlist,config/routes/lightgbm_microgrid_load_24h.json,,p3_4_formal_tuned_validation_lightgbm_microgrid_load_24h_trials1_seed20260608,20260608.0,full_day,0.1112290389903503,p3_4j_locked,model_native,supervised_full_train_refit,True,True,full_train_refit_before_test_once,data/energy_tsfm_formal_windows/p3_target_pure_v0_codex_20260514/subset_manifest.json,test,False,True,False,True,36.0,36.0,python,,,,,,False,python scripts/run_p5_main_test_once.py --model lightgbm --domain microgrid_load --horizon 24h --config-source config/routes/lightgbm_microgrid_load_24h.json --subset-manifest data/energy_tsfm_formal_windows/p3_target_pure_v0_codex_20260514/subset_manifest.json --split test --full-train-refit --run-id p5_lightgbm_microgrid_load_24h_codex_locked --lightgbm-n-jobs 36,P5-pre executable lock only; no test access and no P5 metric claim.,,,,,,,,,,,,,,,
p3_4by_lightgbm_microgrid_load_4h,non_tsfm,lightgbm,lightgbm,microgrid_load,4h,strong_baseline,True,p3_4bc_full_validation_confirmation,config/routes/lightgbm_microgrid_load_4h.json,,p3_4_formal_tuned_validation_lightgbm_microgrid_load_4h_trials1_seed20260607,20260607.0,full_day,0.0854106578442145,p3_4bc_confirmed,model_native,supervised_full_train_refit,True,True,full_train_refit_before_test_once,data/energy_tsfm_formal_windows/p3_target_pure_v0_codex_20260514/subset_manifest.json,test,False,True,False,True,36.0,36.0,python,,,,,,False,python scripts/run_p5_main_test_once.py --model lightgbm --domain microgrid_load --horizon 4h --config-source config/routes/lightgbm_microgrid_load_4h.json --subset-manifest data/energy_tsfm_formal_windows/p3_target_pure_v0_codex_20260514/subset_manifest.json --split test --full-train-refit --run-id p5_lightgbm_microgrid_load_4h_codex_locked --lightgbm-n-jobs 36,P5-pre executable lock only; no test access and no P5 metric claim.,,,,,,,,,,,,,,,
p3_4by_lightgbm_provincial_load_24h,non_tsfm,lightgbm,lightgbm,provincial_load,24h,strong_baseline,True,p3_4bc_full_validation_confirmation,config/routes/lightgbm_provincial_load_24h.json,,p3_4_formal_tuned_validation_lightgbm_provincial_load_24h_trials1_seed20260610,20260610.0,full_day,0.0428014527960952,p3_4bc_confirmed,model_native,supervised_full_train_refit,True,True,full_train_refit_before_test_once,data/energy_tsfm_formal_windows/p3_target_pure_v0_codex_20260514/subset_manifest.json,test,False,True,False,True,36.0,36.0,python,,,,,,False,python scripts/run_p5_main_test_once.py --model lightgbm --domain provincial_load --horizon 24h --config-source config/routes/lightgbm_provincial_load_24h.json --subset-manifest data/energy_tsfm_formal_windows/p3_target_pure_v0_codex_20260514/subset_manifest.json --split test --full-train-refit --run-id p5_lightgbm_provincial_load_24h_codex_locked --lightgbm-n-jobs 36,P5-pre executable lock only; no test access and no P5 metric claim.,,,,,,,,,,,,,,,
p3_4by_lightgbm_provincial_load_4h,non_tsfm,lightgbm,lightgbm,provincial_load,4h,strong_baseline,True,p3_4j_validation_shortlist,config/routes/lightgbm_provincial_load_4h.json,,p3_4_formal_tuned_validation_lightgbm_provincial_load_4h_trials1_seed20260609,20260609.0,full_day,0.0272413242663699,p3_4j_locked,model_native,supervised_full_train_refit,True,True,full_train_refit_before_test_once,data/energy_tsfm_formal_windows/p3_target_pure_v0_codex_20260514/subset_manifest.json,test,False,True,False,True,36.0,36.0,python,,,,,,False,python scripts/run_p5_main_test_once.py --model lightgbm --domain provincial_load --horizon 4h --config-source config/routes/lightgbm_provincial_load_4h.json --subset-manifest data/energy_tsfm_formal_windows/p3_target_pure_v0_codex_20260514/subset_manifest.json --split test --full-train-refit --run-id p5_lightgbm_provincial_load_4h_codex_locked --lightgbm-n-jobs 36,P5-pre executable lock only; no test access and no P5 metric claim.,,,,,,,,,,,,,,,
p3_4by_nbeatsx_aidc_power_optional_24h,non_tsfm,nbeatsx,nbeatsx,aidc_power_optional,24h,strong_baseline,True,p3_4bc_full_validation_confirmation,config/routes/nbeatsx_aidc_power_optional_24h.json,,p3_4_formal_tuned_validation_nbeatsx_aidc_power_optional_24h_trials1_seed20260622,20260622.0,full_day,0.1354587077866751,p3_4bc_confirmed,model_native,supervised_full_train_refit,False,True,full_train_refit_before_test_once,data/energy_tsfm_formal_windows/p3_target_pure_v0_codex_20260514/subset_manifest.json,test,False,True,True,False,,,python,,,,108027276.0,,False,python scripts/run_p5_main_test_once.py --model nbeatsx --domain aidc_power_optional --horizon 24h --config-source config/routes/nbeatsx_aidc_power_optional_24h.json --subset-manifest data/energy_tsfm_formal_windows/p3_target_pure_v0_codex_20260514/subset_manifest.json --split test --full-train-refit --run-id p5_nbeatsx_aidc_power_optional_24h_codex_locked --device cuda,P5-pre executable lock only; no test access and no P5 metric claim.,,,,,,,,,,,,,,,
p3_4by_nbeatsx_aidc_power_optional_4h,non_tsfm,nbeatsx,nbeatsx,aidc_power_optional,4h,strong_baseline,True,p3_4bc_full_validation_confirmation,config/routes/nbeatsx_aidc_power_optional_4h.json,,p3_4_formal_tuned_validation_nbeatsx_aidc_power_optional_4h_trials1_seed20260621,20260621.0,full_day,0.1163804301105482,p3_4bc_confirmed,model_native,supervised_full_train_refit,False,True,full_train_refit_before_test_once,data/energy_tsfm_formal_windows/p3_target_pure_v0_codex_20260514/subset_manifest.json,test,False,True,True,False,,,python,,,,303735852.0,,False,python scripts/run_p5_main_test_once.py --model nbeatsx --domain aidc_power_optional --horizon 4h --config-source config/routes/nbeatsx_aidc_power_optional_4h.json --subset-manifest data/energy_tsfm_formal_windows/p3_target_pure_v0_codex_20260514/subset_manifest.json --split test --full-train-refit --run-id p5_nbeatsx_aidc_power_optional_4h_codex_locked --device cuda,P5-pre executable lock only; no test access and no P5 metric claim.,,,,,,,,,,,,,,,
p3_4by_nbeatsx_aluminum_load_24h,non_tsfm,nbeatsx,nbeatsx,aluminum_load,24h,strong_baseline,True,p3_4bc_full_validation_confirmation,config/routes/nbeatsx_aluminum_load_24h.json,,p3_4_formal_tuned_validation_nbeatsx_aluminum_load_24h_trials1_seed20260624,20260624.0,full_day,0.0012426222422649,p3_4bc_confirmed,model_native,supervised_full_train_refit,False,True,full_train_refit_before_test_once,data/energy_tsfm_formal_windows/p3_target_pure_v0_codex_20260514/subset_manifest.json,test,False,True,True,False,,,python,,,,41629068.0,,False,python scripts/run_p5_main_test_once.py --model nbeatsx --domain aluminum_load --horizon 24h --config-source config/routes/nbeatsx_aluminum_load_24h.json --subset-manifest data/energy_tsfm_formal_windows/p3_target_pure_v0_codex_20260514/subset_manifest.json --split test --full-train-refit --run-id p5_nbeatsx_aluminum_load_24h_codex_locked --device cuda,P5-pre executable lock only; no test access and no P5 metric claim.,,,,,,,,,,,,,,,
p3_4by_nbeatsx_aluminum_load_4h,non_tsfm,nbeatsx,nbeatsx,aluminum_load,4h,strong_baseline,True,p3_4j_validation_shortlist,config/routes/nbeatsx_aluminum_load_4h.json,,p3_4_formal_tuned_validation_nbeatsx_aluminum_load_4h_trials1_seed20260623,20260623.0,full_day,0.0012787272479796,p3_4j_locked,model_native,supervised_full_train_refit,False,True,full_train_refit_before_test_once,data/energy_tsfm_formal_windows/p3_target_pure_v0_codex_20260514/subset_manifest.json,test,False,True,True,False,,,python,,,,207209160.0,,False,python scripts/run_p5_main_test_once.py --model nbeatsx --domain aluminum_load --horizon 4h --config-source config/routes/nbeatsx_aluminum_load_4h.json --subset-manifest data/energy_tsfm_formal_windows/p3_target_pure_v0_codex_20260514/subset_manifest.json --split test --full-train-refit --run-id p5_nbeatsx_aluminum_load_4h_codex_locked --device cuda,P5-pre executable lock only; no test access and no P5 metric claim.,,,,,,,,,,,,,,,
p3_4by_nbeatsx_arena_pv_24h,non_tsfm,nbeatsx,nbeatsx,arena_pv,24h,strong_baseline,True,p3_4bc_full_validation_confirmation,config/routes/nbeatsx_arena_pv_24h.json,,p3_4_formal_tuned_validation_nbeatsx_arena_pv_24h_trials1_seed20260626,20260626.0,full_day,0.473575993338244,p3_4bc_confirmed,model_native,supervised_full_train_refit,False,True,full_train_refit_before_test_once,data/energy_tsfm_formal_windows/p3_target_pure_v0_codex_20260514/subset_manifest.json,test,False,True,True,False,,,python,,,,39859596.0,,False,python scripts/run_p5_main_test_once.py --model nbeatsx --domain arena_pv --horizon 24h --config-source config/routes/nbeatsx_arena_pv_24h.json --subset-manifest data/energy_tsfm_formal_windows/p3_target_pure_v0_codex_20260514/subset_manifest.json --split test --full-train-refit --run-id p5_nbeatsx_arena_pv_24h_codex_locked --device cuda,P5-pre executable lock only; no test access and no P5 metric claim.,,,,,,,,,,,,,,,
p3_4by_nbeatsx_arena_pv_4h,non_tsfm,nbeatsx,nbeatsx,arena_pv,4h,strong_baseline,True,p3_4bc_full_validation_confirmation,config/routes/nbeatsx_arena_pv_4h.json,,p3_4_formal_tuned_validation_nbeatsx_arena_pv_4h_trials1_seed20260625,20260625.0,full_day,0.3250299474565841,p3_4bc_confirmed,model_native,supervised_full_train_refit,False,True,full_train_refit_before_test_once,data/energy_tsfm_formal_windows/p3_target_pure_v0_codex_20260514/subset_manifest.json,test,False,True,True,False,,,python,,,,63496904.0,,False,python scripts/run_p5_main_test_once.py --model nbeatsx --domain arena_pv --horizon 4h --config-source config/routes/nbeatsx_arena_pv_4h.json --subset-manifest data/energy_tsfm_formal_windows/p3_target_pure_v0_codex_20260514/subset_manifest.json --split test --full-train-refit --run-id p5_nbeatsx_arena_pv_4h_codex_locked --device cuda,P5-pre executable lock only; no test access and no P5 metric claim.,,,,,,,,,,,,,,,
p3_4by_nbeatsx_microgrid_load_24h,non_tsfm,nbeatsx,nbeatsx,microgrid_load,24h,strong_baseline,True,p3_4j_validation_shortlist,config/routes/nbeatsx_microgrid_load_24h.json,,p3_4_formal_tuned_validation_nbeatsx_microgrid_load_24h_trials1_seed20260628,20260628.0,full_day,0.2754075286564595,p3_4j_locked,model_native,supervised_full_train_refit,False,True,full_train_refit_before_test_once,data/energy_tsfm_formal_windows/p3_target_pure_v0_codex_20260514/subset_manifest.json,test,False,True,True,False,,,python,,,,257281416.0,,False,python scripts/run_p5_main_test_once.py --model nbeatsx --domain microgrid_load --horizon 24h --config-source config/routes/nbeatsx_microgrid_load_24h.json --subset-manifest data/energy_tsfm_formal_windows/p3_target_pure_v0_codex_20260514/subset_manifest.json --split test --full-train-refit --run-id p5_nbeatsx_microgrid_load_24h_codex_locked --device cuda,P5-pre executable lock only; no test access and no P5 metric claim.,,,,,,,,,,,,,,,
p3_4by_nbeatsx_microgrid_load_4h,non_tsfm,nbeatsx,nbeatsx,microgrid_load,4h,strong_baseline,True,p3_4j_validation_shortlist,config/routes/nbeatsx_microgrid_load_4h.json,,p3_4_formal_tuned_validation_nbeatsx_microgrid_load_4h_trials1_seed20260627,20260627.0,full_day,0.147426378166769,p3_4j_locked,model_native,supervised_full_train_refit,False,True,full_train_refit_before_test_once,data/energy_tsfm_formal_windows/p3_target_pure_v0_codex_20260514/subset_manifest.json,test,False,True,True,False,,,python,,,,231719976.0,,False,python scripts/run_p5_main_test_once.py --model nbeatsx --domain microgrid_load --horizon 4h --config-source config/routes/nbeatsx_microgrid_load_4h.json --subset-manifest data/energy_tsfm_formal_windows/p3_target_pure_v0_codex_20260514/subset_manifest.json --split test --full-train-refit --run-id p5_nbeatsx_microgrid_load_4h_codex_locked --device cuda,P5-pre executable lock only; no test access and no P5 metric claim.,,,,,,,,,,,,,,,
p3_4by_nbeatsx_provincial_load_24h,non_tsfm,nbeatsx,nbeatsx,provincial_load,24h,strong_baseline,True,p3_4j_validation_shortlist,config/routes/nbeatsx_provincial_load_24h.json,,p3_4_formal_tuned_validation_nbeatsx_provincial_load_24h_trials1_seed20260630,20260630.0,full_day,0.2237287854762983,p3_4j_locked,model_native,supervised_full_train_refit,False,True,full_train_refit_before_test_once,data/energy_tsfm_formal_windows/p3_target_pure_v0_codex_20260514/subset_manifest.json,test,False,True,True,False,,,python,,,,115105164.0,,False,python scripts/run_p5_main_test_once.py --model nbeatsx --domain provincial_load --horizon 24h --config-source config/routes/nbeatsx_provincial_load_24h.json --subset-manifest data/energy_tsfm_formal_windows/p3_target_pure_v0_codex_20260514/subset_manifest.json --split test --full-train-refit --run-id p5_nbeatsx_provincial_load_24h_codex_locked --device cuda,P5-pre executable lock only; no test access and no P5 metric claim.,,,,,,,,,,,,,,,
p3_4by_nbeatsx_provincial_load_4h,non_tsfm,nbeatsx,nbeatsx,provincial_load,4h,strong_baseline,True,p3_4j_validation_shortlist,config/routes/nbeatsx_provincial_load_4h.json,,p3_4_formal_tuned_validation_nbeatsx_provincial_load_4h_trials1_seed20260629,20260629.0,full_day,0.0973544166033129,p3_4j_locked,model_native,supervised_full_train_refit,False,True,full_train_refit_before_test_once,data/energy_tsfm_formal_windows/p3_target_pure_v0_codex_20260514/subset_manifest.json,test,False,True,True,False,,,python,,,,211927752.0,,False,python scripts/run_p5_main_test_once.py --model nbeatsx --domain provincial_load --horizon 4h --config-source config/routes/nbeatsx_provincial_load_4h.json --subset-manifest data/energy_tsfm_formal_windows/p3_target_pure_v0_codex_20260514/subset_manifest.json --split test --full-train-refit --run-id p5_nbeatsx_provincial_load_4h_codex_locked --device cuda,P5-pre executable lock only; no test access and no P5 metric claim.,,,,,,,,,,,,,,,
p3_4by_chronos2_hidden_adapter_aidc_power_optional_24h,tsfm,chronos2,chronos2_covariate_aware_hidden_adapter_p3_4bs,aidc_power_optional,24h,primary_h1_tsfm_adapter,True,p3_4bx_full_validation_confirmation,config/routes/chronos2_covariate_aware_hidden_adapter_p3_4bs_aidc_power_optional_24h.json,data/energy_tsfm_tuning/p3_4bx_tsfm_full_validation_confirmation_v0_codex_20260517/p3_4bx_chronos2_full_validation_metric_summary.csv,p3_4bv_chronos2_hidden_adapter_aidc_power_optional_24h_energy_base_stride4full_codex_20260517_chronos_b64_e5_fastcache1,,full_day,0.1401797940982339,selected_hidden_adapter,energy_base,frozen_backbone_hidden_adapter,False,True,full_train_hidden_adapter_before_test_once,data/energy_tsfm_formal_windows/p3_target_pure_v0_codex_20260514/subset_manifest.json,test,False,True,True,False,,,python,5.0,64.0,64.0,,,False,python scripts/run_p5_main_test_once.py --model chronos2 --route chronos2_covariate_aware_hidden_adapter_p3_4bs --domain aidc_power_optional --horizon 24h --condition-feature-mode energy_base --subset-manifest data/energy_tsfm_formal_windows/p3_target_pure_v0_codex_20260514/subset_manifest.json --split test --full-train-refit --epochs 5 --batch-size 64 --eval-batch-size 64 --adapter-bottleneck 16 --adapter-dropout 0.05 --learning-rate 0.0001 --weight-decay 0.0001 --gradient-clip 1.0 --device cuda --run-id p5_chronos2_hidden_adapter_aidc_power_optional_24h_codex_locked,Chronos-2 P5-pre hidden-adapter lock; final claim awaits test-once.,,,,0.0001,p5_chronos2_hidden_adapter_aidc_power_optional_24h_codex_locked,16.0,0.05,0.0001,1.0,not_covered_by_six_cell_train4096_screen; P5_formal_must_remain_full_train_refit,,,,unchanged_not_in_train4096_screen,results/energy_tsfm_tuning/p5post_chronos2_adapter_train_budget_seed_v0_codex_20260519
p3_4by_chronos2_hidden_adapter_aidc_power_optional_4h,tsfm,chronos2,chronos2_covariate_aware_hidden_adapter_p3_4bs,aidc_power_optional,4h,primary_h1_tsfm_adapter,True,p3_4bx_full_validation_confirmation,config/routes/chronos2_covariate_aware_hidden_adapter_p3_4bs_aidc_power_optional_4h.json,data/energy_tsfm_tuning/p3_4bx_tsfm_full_validation_confirmation_v0_codex_20260517/p3_4bx_chronos2_full_validation_metric_summary.csv,p3_4bv_chronos2_hidden_adapter_aidc_power_optional_4h_energy_base_stride4full_codex_20260517_chronos_b64_e5_fastcache1,,full_day,0.0828849558310974,selected_hidden_adapter,energy_base,frozen_backbone_hidden_adapter,False,True,full_train_hidden_adapter_before_test_once,data/energy_tsfm_formal_windows/p3_target_pure_v0_codex_20260514/subset_manifest.json,test,False,True,True,False,,,python,5.0,64.0,64.0,,,False,python scripts/run_p5_main_test_once.py --model chronos2 --route chronos2_covariate_aware_hidden_adapter_p3_4bs --domain aidc_power_optional --horizon 4h --condition-feature-mode energy_base --subset-manifest data/energy_tsfm_formal_windows/p3_target_pure_v0_codex_20260514/subset_manifest.json --split test --full-train-refit --epochs 5 --batch-size 64 --eval-batch-size 64 --adapter-bottleneck 16 --adapter-dropout 0.05 --learning-rate 0.0001 --weight-decay 0.0001 --gradient-clip 1.0 --device cuda --run-id p5_chronos2_hidden_adapter_aidc_power_optional_4h_codex_locked,Chronos-2 P5-pre hidden-adapter lock; final claim awaits test-once.,,,,0.0001,p5_chronos2_hidden_adapter_aidc_power_optional_4h_codex_locked,16.0,0.05,0.0001,1.0,not_covered_by_six_cell_train4096_screen; P5_formal_must_remain_full_train_refit,,,,unchanged_not_in_train4096_screen,results/energy_tsfm_tuning/p5post_chronos2_adapter_train_budget_seed_v0_codex_20260519
p3_4cl_chronos2_hidden_adapter_aluminum_load_24h,tsfm,chronos2,chronos2_covariate_aware_hidden_adapter_p3_4bs,aluminum_load,24h,primary_h1_tsfm_hidden_adapter_aluminum_topup_promoted,True,p3_4ck_chronos2_aluminum_topup,config/routes/chronos2_covariate_aware_hidden_adapter_p3_4bs_aluminum_load_24h.json,data/energy_tsfm_tuning/p3_4ck_chronos2_aluminum_topup_v0_codex_20260517/p3_4ck_chronos2_aluminum_topup_summary.csv,p3_4ck_chronos2_aluminum_load_24h_energy_base_full_codex_20260517_b64_e12_lr3e5_b64,,full_day,0.0008968417458648,b64_e12_lr3e-5,energy_base,frozen_backbone_hidden_adapter,False,True,full_train_hidden_adapter_before_test_once,data/energy_tsfm_formal_windows/p3_target_pure_v0_codex_20260514/subset_manifest.json,test,False,True,True,False,,,python,12.0,64.0,64.0,119635936.0,158272.0,False,python scripts/run_p5_main_test_once.py --model chronos2 --route chronos2_covariate_aware_hidden_adapter_p3_4bs --domain aluminum_load --horizon 24h --condition-feature-mode energy_base --subset-manifest data/energy_tsfm_formal_windows/p3_target_pure_v0_codex_20260514/subset_manifest.json --split test --full-train-refit --epochs 12 --batch-size 64 --eval-batch-size 64 --adapter-bottleneck 64 --adapter-dropout 0.05 --learning-rate 3e-05 --weight-decay 0.0001 --gradient-clip 1.0 --device cuda --run-id p5_chronos2_hidden_adapter_aluminum_load_24h_codex_locked,Chronos-2 aluminum hidden-adapter top-up promoted by validation only; final claim awaits explicit P5 test-once.,,,,3e-05,p5_chronos2_hidden_adapter_aluminum_load_24h_codex_locked,64.0,0.05,0.0001,1.0,train4096_multi_seed_validation_supports_large-budget_adapter; P5_formal_must_remain_full_train_refit,0.0010468704848009,0.0010453034472946,20260520,keep_current_lock_stronger_than_controlled_train4096,results/energy_tsfm_tuning/p5post_chronos2_adapter_train_budget_seed_v0_codex_20260519
p3_4cl_chronos2_hidden_adapter_aluminum_load_4h,tsfm,chronos2,chronos2_covariate_aware_hidden_adapter_p3_4bs,aluminum_load,4h,primary_h1_tsfm_hidden_adapter_aluminum_topup_promoted,True,p3_4ck_chronos2_aluminum_topup,config/routes/chronos2_covariate_aware_hidden_adapter_p3_4bs_aluminum_load_4h.json,data/energy_tsfm_tuning/p3_4ck_chronos2_aluminum_topup_v0_codex_20260517/p3_4ck_chronos2_aluminum_topup_summary.csv,p3_4ck_chronos2_aluminum_load_4h_target_recent_full_codex_20260517_b64_e12_lr3e5_b64,,full_day,0.0006786238427206,b64_e12_lr3e-5,target_recent,frozen_backbone_hidden_adapter,False,True,full_train_hidden_adapter_before_test_once,data/energy_tsfm_formal_windows/p3_target_pure_v0_codex_20260514/subset_manifest.json,test,False,True,True,False,,,python,12.0,64.0,64.0,119815648.0,337984.0,False,python scripts/run_p5_main_test_once.py --model chronos2 --route chronos2_covariate_aware_hidden_adapter_p3_4bs --domain aluminum_load --horizon 4h --condition-feature-mode target_recent --subset-manifest data/energy_tsfm_formal_windows/p3_target_pure_v0_codex_20260514/subset_manifest.json --split test --full-train-refit --epochs 12 --batch-size 64 --eval-batch-size 64 --adapter-bottleneck 64 --adapter-dropout 0.05 --learning-rate 3e-05 --weight-decay 0.0001 --gradient-clip 1.0 --device cuda --run-id p5_chronos2_hidden_adapter_aluminum_load_4h_codex_locked,Chronos-2 aluminum hidden-adapter top-up promoted by validation only; final claim awaits explicit P5 test-once.,,,,3e-05,p5_chronos2_hidden_adapter_aluminum_load_4h_codex_locked,64.0,0.05,0.0001,1.0,train4096_multi_seed_validation_supports_large-budget_adapter; P5_formal_must_remain_full_train_refit,0.0008103506823818,0.0008076206613651,20260520,keep_current_lock_stronger_than_controlled_train4096,results/energy_tsfm_tuning/p5post_chronos2_adapter_train_budget_seed_v0_codex_20260519
p3_4by_chronos2_hidden_adapter_arena_pv_24h,tsfm,chronos2,chronos2_covariate_aware_hidden_adapter_p3_4bs,arena_pv,24h,primary_h1_tsfm_adapter,True,p3_4bx_full_validation_confirmation,config/routes/chronos2_covariate_aware_hidden_adapter_p3_4bs_arena_pv_24h.json,data/energy_tsfm_tuning/p3_4bx_tsfm_full_validation_confirmation_v0_codex_20260517/p3_4bx_chronos2_full_validation_metric_summary.csv,p3_4bv_chronos2_hidden_adapter_arena_pv_24h_full_scalar_stride4full_codex_20260517_chronos_b64_e5_fastcache1,,full_day,0.6606932545854446,selected_hidden_adapter,full_scalar,frozen_backbone_hidden_adapter,True,True,full_train_hidden_adapter_before_test_once,data/energy_tsfm_formal_windows/p3_target_pure_v0_codex_20260514/subset_manifest.json,test,False,True,True,False,,,python,5.0,64.0,64.0,,,False,python scripts/run_p5_main_test_once.py --model chronos2 --route chronos2_covariate_aware_hidden_adapter_p3_4bs --domain arena_pv --horizon 24h --condition-feature-mode full_scalar --subset-manifest data/energy_tsfm_formal_windows/p3_target_pure_v0_codex_20260514/subset_manifest.json --split test --full-train-refit --epochs 5 --batch-size 64 --eval-batch-size 64 --adapter-bottleneck 16 --adapter-dropout 0.05 --learning-rate 0.0001 --weight-decay 0.0001 --gradient-clip 1.0 --device cuda --run-id p5_chronos2_hidden_adapter_arena_pv_24h_codex_locked,Chronos-2 P5-pre hidden-adapter lock; final claim awaits test-once.,,,,0.0001,p5_chronos2_hidden_adapter_arena_pv_24h_codex_locked,16.0,0.05,0.0001,1.0,not_covered_by_six_cell_train4096_screen; P5_formal_must_remain_full_train_refit,,,,unchanged_not_in_train4096_screen,results/energy_tsfm_tuning/p5post_chronos2_adapter_train_budget_seed_v0_codex_20260519
p3_4ci_chronos2_hidden_adapter_arena_pv_4h,tsfm,chronos2,chronos2_covariate_aware_hidden_adapter_p3_4bs,arena_pv,4h,primary_h1_tsfm_hidden_adapter_topup_promoted,True,p3_4ch_chronos2_hidden_adapter_topup,config/routes/chronos2_covariate_aware_hidden_adapter_p3_4bs_arena_pv_4h.json,data/energy_tsfm_tuning/p3_4ch_chronos2_hidden_adapter_topup_v0_codex_20260517/p3_4ch_chronos2_hidden_adapter_topup_summary.csv,p3_4ch_chronos2_arena_pv_4h_energy_base_full_codex_20260517_b32_e8_lr5e5_b64,,full_day,0.3308832029154682,b32_e8_lr5e-5,energy_base,frozen_backbone_hidden_adapter,False,True,full_train_hidden_adapter_before_test_once,data/energy_tsfm_formal_windows/p3_target_pure_v0_codex_20260514/subset_manifest.json,test,False,True,True,False,,,python,8.0,64.0,64.0,119586752.0,109088.0,False,python scripts/run_p5_main_test_once.py --model chronos2 --route chronos2_covariate_aware_hidden_adapter_p3_4bs --domain arena_pv --horizon 4h --condition-feature-mode energy_base --subset-manifest data/energy_tsfm_formal_windows/p3_target_pure_v0_codex_20260514/subset_manifest.json --split test --full-train-refit --epochs 8 --batch-size 64 --eval-batch-size 64 --adapter-bottleneck 32 --adapter-dropout 0.05 --learning-rate 5e-05 --weight-decay 0.0001 --gradient-clip 1.0 --device cuda --run-id p5_chronos2_hidden_adapter_arena_pv_4h_codex_locked,Chronos-2 hidden-adapter top-up promoted by validation only; final claim awaits explicit P5 test-once.,,,,5e-05,p5_chronos2_hidden_adapter_arena_pv_4h_codex_locked,32.0,0.05,0.0001,1.0,train4096_multi_seed_validation_supports_large-budget_adapter; P5_formal_must_remain_full_train_refit,0.3810853312241464,0.3795874718285574,20260520,keep_current_lock_stronger_than_controlled_train4096,results/energy_tsfm_tuning/p5post_chronos2_adapter_train_budget_seed_v0_codex_20260519
p3_4ds_chronos2_future_patch_microgrid_load_24h,tsfm,chronos2,chronos2_covariate_aware_hidden_adapter_p3_4bs,microgrid_load,24h,primary_h1_tsfm_hidden_adapter_future_patch_promoted,True,p3_4dr_chronos2_microgrid_future_patch,config/routes/chronos2_covariate_aware_hidden_adapter_p3_4bs_microgrid_load_24h.json,,p3_4dr_chronos2_microgrid_load_24h_full_scalar_ext_posbias_fpatch_codex_20260518_b256_e30_lr2p56e3_b64,20260518.0,full_day,0.0997903260880094,b256_e30_lr2.56e-3_posbias_future_patch,full_scalar,frozen_backbone_hidden_adapter_position_bias_future_patch_condition,True,True,full_train_hidden_adapter_before_test_once,data/energy_tsfm_formal_windows/p3_target_pure_v0_codex_20260514/subset_manifest.json,test,False,True,True,False,,,python,30.0,64.0,64.0,120801970.0,1324306.0,False,python scripts/run_p5_main_test_once.py --model chronos2 --route chronos2_covariate_aware_hidden_adapter_p3_4bs --domain microgrid_load --horizon 24h --condition-feature-mode full_scalar --subset-manifest data/energy_tsfm_formal_windows/p3_target_pure_v0_codex_20260514/subset_manifest.json --split test --full-train-refit --epochs 30 --batch-size 64 --eval-batch-size 64 --adapter-bottleneck 256 --adapter-dropout 0.0 --adapter-position-bias --adapter-future-patch-condition --adapter-loss chronos_internal --learning-rate 0.00256 --weight-decay 0.0001 --gradient-clip 1.0 --preprocess-workers 36 --array-preprocess --zero-init-adapter --condition-standardization train_zscore --extended-calendar-condition --device cuda --run-id p5_chronos2_hidden_adapter_future_patch_microgrid_load_24h_codex_locked,Chronos-2 future-patch hidden-adapter top-up promoted by validation only; final claim awaits explicit P5 test-once.,,,,0.00256,p5_chronos2_hidden_adapter_future_patch_microgrid_load_24h_codex_locked,256.0,0.0,0.0001,1.0,train4096_multi_seed_validation_supports_large-budget_adapter; P5_formal_must_remain_full_train_refit,0.1025187902265691,0.1022495629433824,20260521,keep_current_lock_stronger_than_controlled_train4096,results/energy_tsfm_tuning/p5post_chronos2_adapter_train_budget_seed_v0_codex_20260519
p3_4ci_chronos2_hidden_adapter_microgrid_load_4h,tsfm,chronos2,chronos2_covariate_aware_hidden_adapter_p3_4bs,microgrid_load,4h,primary_h1_tsfm_hidden_adapter_topup_promoted,True,p3_4ch_chronos2_hidden_adapter_topup,config/routes/chronos2_covariate_aware_hidden_adapter_p3_4bs_microgrid_load_4h.json,data/energy_tsfm_tuning/p3_4ch_chronos2_hidden_adapter_topup_v0_codex_20260517/p3_4ch_chronos2_hidden_adapter_topup_summary.csv,p3_4ch_chronos2_microgrid_load_4h_energy_base_full_codex_20260517_b32_e8_lr5e5_b64,,full_day,0.0865933789031241,b32_e8_lr5e-5,energy_base,frozen_backbone_hidden_adapter,False,True,full_train_hidden_adapter_before_test_once,data/energy_tsfm_formal_windows/p3_target_pure_v0_codex_20260514/subset_manifest.json,test,False,True,True,False,,,python,8.0,64.0,64.0,119586752.0,109088.0,False,python scripts/run_p5_main_test_once.py --model chronos2 --route chronos2_covariate_aware_hidden_adapter_p3_4bs --domain microgrid_load --horizon 4h --condition-feature-mode energy_base --subset-manifest data/energy_tsfm_formal_windows/p3_target_pure_v0_codex_20260514/subset_manifest.json --split test --full-train-refit --epochs 8 --batch-size 64 --eval-batch-size 64 --adapter-bottleneck 32 --adapter-dropout 0.05 --learning-rate 5e-05 --weight-decay 0.0001 --gradient-clip 1.0 --device cuda --run-id p5_chronos2_hidden_adapter_microgrid_load_4h_codex_locked,Chronos-2 hidden-adapter top-up promoted by validation only; final claim awaits explicit P5 test-once.,,,,5e-05,p5_chronos2_hidden_adapter_microgrid_load_4h_codex_locked,32.0,0.05,0.0001,1.0,train4096_multi_seed_validation_supports_large-budget_adapter; P5_formal_must_remain_full_train_refit,0.0949437118202547,0.0944313379826759,20260520,keep_current_lock_stronger_than_controlled_train4096,results/energy_tsfm_tuning/p5post_chronos2_adapter_train_budget_seed_v0_codex_20260519
p3_4by_chronos2_hidden_adapter_provincial_load_24h,tsfm,chronos2,chronos2_covariate_aware_hidden_adapter_p3_4bs,provincial_load,24h,primary_h1_tsfm_adapter,True,p3_4bx_full_validation_confirmation,config/routes/chronos2_covariate_aware_hidden_adapter_p3_4bs_provincial_load_24h.json,data/energy_tsfm_tuning/p3_4bx_tsfm_full_validation_confirmation_v0_codex_20260517/p3_4bx_chronos2_full_validation_metric_summary.csv,p3_4bv_chronos2_hidden_adapter_provincial_load_24h_full_scalar_stride4full_codex_20260517_chronos_b64_e5_fastcache1,,full_day,0.0343867358952074,selected_hidden_adapter,full_scalar,frozen_backbone_hidden_adapter,True,True,full_train_hidden_adapter_before_test_once,data/energy_tsfm_formal_windows/p3_target_pure_v0_codex_20260514/subset_manifest.json,test,False,True,True,False,,,python,5.0,64.0,64.0,,,False,python scripts/run_p5_main_test_once.py --model chronos2 --route chronos2_covariate_aware_hidden_adapter_p3_4bs --domain provincial_load --horizon 24h --condition-feature-mode full_scalar --subset-manifest data/energy_tsfm_formal_windows/p3_target_pure_v0_codex_20260514/subset_manifest.json --split test --full-train-refit --epochs 5 --batch-size 64 --eval-batch-size 64 --adapter-bottleneck 16 --adapter-dropout 0.05 --learning-rate 0.0001 --weight-decay 0.0001 --gradient-clip 1.0 --device cuda --run-id p5_chronos2_hidden_adapter_provincial_load_24h_codex_locked,Chronos-2 P5-pre hidden-adapter lock; final claim awaits test-once.,,,,0.0001,p5_chronos2_hidden_adapter_provincial_load_24h_codex_locked,16.0,0.05,0.0001,1.0,not_covered_by_six_cell_train4096_screen; P5_formal_must_remain_full_train_refit,,,,unchanged_not_in_train4096_screen,results/energy_tsfm_tuning/p5post_chronos2_adapter_train_budget_seed_v0_codex_20260519
p3_4by_chronos2_hidden_adapter_provincial_load_4h,tsfm,chronos2,chronos2_covariate_aware_hidden_adapter_p3_4bs,provincial_load,4h,primary_h1_tsfm_adapter,True,p3_4bx_full_validation_confirmation,config/routes/chronos2_covariate_aware_hidden_adapter_p3_4bs_provincial_load_4h.json,data/energy_tsfm_tuning/p3_4bx_tsfm_full_validation_confirmation_v0_codex_20260517/p3_4bx_chronos2_full_validation_metric_summary.csv,p3_4bv_chronos2_hidden_adapter_provincial_load_4h_full_scalar_stride4full_codex_20260517_chronos_b64_e5_fastcache1,,full_day,0.0218330483529379,selected_hidden_adapter,full_scalar,frozen_backbone_hidden_adapter,True,True,full_train_hidden_adapter_before_test_once,data/energy_tsfm_formal_windows/p3_target_pure_v0_codex_20260514/subset_manifest.json,test,False,True,True,False,,,python,5.0,64.0,64.0,,,False,python scripts/run_p5_main_test_once.py --model chronos2 --route chronos2_covariate_aware_hidden_adapter_p3_4bs --domain provincial_load --horizon 4h --condition-feature-mode full_scalar --subset-manifest data/energy_tsfm_formal_windows/p3_target_pure_v0_codex_20260514/subset_manifest.json --split test --full-train-refit --epochs 5 --batch-size 64 --eval-batch-size 64 --adapter-bottleneck 16 --adapter-dropout 0.05 --learning-rate 0.0001 --weight-decay 0.0001 --gradient-clip 1.0 --device cuda --run-id p5_chronos2_hidden_adapter_provincial_load_4h_codex_locked,Chronos-2 P5-pre hidden-adapter lock; final claim awaits test-once.,,,,0.0001,p5_chronos2_hidden_adapter_provincial_load_4h_codex_locked,16.0,0.05,0.0001,1.0,train4096_multi_seed_validation_supports_large-budget_adapter; P5_formal_must_remain_full_train_refit,0.033470933797298,0.0333261602437421,20260520,keep_current_lock_stronger_than_controlled_train4096,results/energy_tsfm_tuning/p5post_chronos2_adapter_train_budget_seed_v0_codex_20260519
p3_4cf_timesfm2p5_lora_aidc_power_optional_24h,tsfm,timesfm2p5,timesfm2p5_transformers_lora_target_only_p3_4bt,aidc_power_optional,24h,secondary_h1_tsfm_finetune_topup_promoted,True,p3_4cc_4ce_lora_full_validation_topup,config/routes/timesfm2p5_transformers_lora_target_only_p3_4bt_aidc_power_optional_24h.json,data/energy_tsfm_tuning/p3_4ce_timesfm2p5_lora_aidc24_microgrid_v0_codex_20260517/p3_4ce_timesfm2p5_lora_aidc24_microgrid_summary.csv,p3_4cd_timesfm2p5_lora_aidc_power_optional_24h_target_only_full_codex_20260517_r8a16_e4_lr5e5,,full_day,0.1355550703307146,p3_4cd_r8a16_e4_lr5e-5,target_only,peft_lora_target_only_custom_prefix_loss,False,True,full_train_lora_before_test_once,data/energy_tsfm_formal_windows/p3_target_pure_v0_codex_20260514/subset_manifest.json,test,False,True,True,False,,,python,4.0,256.0,256.0,232927680.0,1638400.0,False,python scripts/run_p5_main_test_once.py --model timesfm2p5 --route timesfm2p5_transformers_lora_target_only_p3_4bt --domain aidc_power_optional --horizon 24h --subset-manifest data/energy_tsfm_formal_windows/p3_target_pure_v0_codex_20260514/subset_manifest.json --split test --full-train-refit --epochs 4 --batch-size 256 --eval-batch-size 256 --lora-rank 8 --lora-alpha 16 --lora-dropout 0.05 --learning-rate 5e-05 --device cuda --run-id p5_timesfm2p5_lora_aidc_power_optional_24h_codex_locked,"TimesFM 2.5 200M target-only LoRA top-up route; validation-only lock delta, not XReg/covariate adaptation and not 500M evidence.",8.0,16.0,0.05,5e-05,p5_timesfm2p5_lora_aidc_power_optional_24h_codex_locked,,,,,,,,,,
p3_4cf_timesfm2p5_lora_aidc_power_optional_4h,tsfm,timesfm2p5,timesfm2p5_transformers_lora_target_only_p3_4bt,aidc_power_optional,4h,secondary_h1_tsfm_finetune_topup_promoted,True,p3_4cc_4ce_lora_full_validation_topup,config/routes/timesfm2p5_transformers_lora_target_only_p3_4bt_aidc_power_optional_4h.json,data/energy_tsfm_tuning/p3_4cc_timesfm2p5_lora_full_validation_topup_v0_codex_20260517/p3_4cc_timesfm2p5_lora_all10_full_validation_summary.csv,p3_4cc_timesfm2p5_lora_aidc_power_optional_4h_target_only_full_codex_20260517_lora_b256_eval256_e2,,full_day,0.0825019575017592,p3_4cc_r4a8_e2_lr1e-4,target_only,peft_lora_target_only_custom_prefix_loss,False,True,full_train_lora_before_test_once,data/energy_tsfm_formal_windows/p3_target_pure_v0_codex_20260514/subset_manifest.json,test,False,True,True,False,,,python,2.0,256.0,256.0,232108480.0,819200.0,False,python scripts/run_p5_main_test_once.py --model timesfm2p5 --route timesfm2p5_transformers_lora_target_only_p3_4bt --domain aidc_power_optional --horizon 4h --subset-manifest data/energy_tsfm_formal_windows/p3_target_pure_v0_codex_20260514/subset_manifest.json --split test --full-train-refit --epochs 2 --batch-size 256 --eval-batch-size 256 --lora-rank 4 --lora-alpha 8 --lora-dropout 0.05 --learning-rate 0.0001 --device cuda --run-id p5_timesfm2p5_lora_aidc_power_optional_4h_codex_locked,"TimesFM 2.5 200M target-only LoRA top-up route; validation-only lock delta, not XReg/covariate adaptation and not 500M evidence.",4.0,8.0,0.05,0.0001,p5_timesfm2p5_lora_aidc_power_optional_4h_codex_locked,,,,,,,,,,
p3_4by_timesfm2p5_lora_arena_pv_24h,tsfm,timesfm2p5,timesfm2p5_transformers_lora_target_only_p3_4bt,arena_pv,24h,secondary_h1_tsfm_finetune,True,p3_4bx_full_validation_confirmation,config/routes/timesfm2p5_transformers_lora_target_only_p3_4bt_arena_pv_24h.json,data/energy_tsfm_tuning/p3_4bx_tsfm_full_validation_confirmation_v0_codex_20260517/p3_4bx_lora_full_validation_metric_summary.csv,p3_4bv_timesfm2p5_lora_arena_pv_24h_target_only_stride4full_codex_20260517_lora_b256_eval256_e2,,full_day,0.4805619821611786,target_only_lora_rank4_alpha8,target_only,peft_lora_target_only_custom_prefix_loss,False,True,full_train_lora_before_test_once,data/energy_tsfm_formal_windows/p3_target_pure_v0_codex_20260514/subset_manifest.json,test,False,True,True,False,,,python,2.0,256.0,256.0,232108480.0,819200.0,False,python scripts/run_p5_main_test_once.py --model timesfm2p5 --route timesfm2p5_transformers_lora_target_only_p3_4bt --domain arena_pv --horizon 24h --subset-manifest data/energy_tsfm_formal_windows/p3_target_pure_v0_codex_20260514/subset_manifest.json --split test --full-train-refit --epochs 2 --batch-size 256 --eval-batch-size 256 --lora-rank 4 --lora-alpha 8 --lora-dropout 0.05 --learning-rate 0.0001 --device cuda --run-id p5_timesfm2p5_lora_arena_pv_24h_codex_locked,TimesFM 2.5 200M target-only LoRA secondary route; not XReg/covariate adaptation and not 500M evidence.,4.0,8.0,0.05,0.0001,p5_timesfm2p5_lora_arena_pv_24h_codex_locked,,,,,,,,,,
p3_4by_timesfm2p5_lora_arena_pv_4h,tsfm,timesfm2p5,timesfm2p5_transformers_lora_target_only_p3_4bt,arena_pv,4h,secondary_h1_tsfm_finetune,True,p3_4bx_full_validation_confirmation,config/routes/timesfm2p5_transformers_lora_target_only_p3_4bt_arena_pv_4h.json,data/energy_tsfm_tuning/p3_4bx_tsfm_full_validation_confirmation_v0_codex_20260517/p3_4bx_lora_full_validation_metric_summary.csv,p3_4bv_timesfm2p5_lora_arena_pv_4h_target_only_stride4full_codex_20260517_lora_b256_eval256_e2,,full_day,0.3467481295758127,target_only_lora_rank4_alpha8,target_only,peft_lora_target_only_custom_prefix_loss,False,True,full_train_lora_before_test_once,data/energy_tsfm_formal_windows/p3_target_pure_v0_codex_20260514/subset_manifest.json,test,False,True,True,False,,,python,2.0,256.0,256.0,232108480.0,819200.0,False,python scripts/run_p5_main_test_once.py --model timesfm2p5 --route timesfm2p5_transformers_lora_target_only_p3_4bt --domain arena_pv --horizon 4h --subset-manifest data/energy_tsfm_formal_windows/p3_target_pure_v0_codex_20260514/subset_manifest.json --split test --full-train-refit --epochs 2 --batch-size 256 --eval-batch-size 256 --lora-rank 4 --lora-alpha 8 --lora-dropout 0.05 --learning-rate 0.0001 --device cuda --run-id p5_timesfm2p5_lora_arena_pv_4h_codex_locked,TimesFM 2.5 200M target-only LoRA secondary route; not XReg/covariate adaptation and not 500M evidence.,4.0,8.0,0.05,0.0001,p5_timesfm2p5_lora_arena_pv_4h_codex_locked,,,,,,,,,,
p3_4by_timesfm2p5_lora_microgrid_load_24h,tsfm,timesfm2p5,timesfm2p5_transformers_lora_target_only_p3_4bt,microgrid_load,24h,secondary_h1_tsfm_finetune,True,p3_4bx_full_validation_confirmation,config/routes/timesfm2p5_transformers_lora_target_only_p3_4bt_microgrid_load_24h.json,data/energy_tsfm_tuning/p3_4bx_tsfm_full_validation_confirmation_v0_codex_20260517/p3_4bx_lora_full_validation_metric_summary.csv,p3_4bv_timesfm2p5_lora_microgrid_load_24h_target_only_stride4full_codex_20260517_lora_b256_eval256_e2,,full_day,0.1208987321975384,target_only_lora_rank4_alpha8,target_only,peft_lora_target_only_custom_prefix_loss,False,True,full_train_lora_before_test_once,data/energy_tsfm_formal_windows/p3_target_pure_v0_codex_20260514/subset_manifest.json,test,False,True,True,False,,,python,2.0,256.0,256.0,232108480.0,819200.0,False,python scripts/run_p5_main_test_once.py --model timesfm2p5 --route timesfm2p5_transformers_lora_target_only_p3_4bt --domain microgrid_load --horizon 24h --subset-manifest data/energy_tsfm_formal_windows/p3_target_pure_v0_codex_20260514/subset_manifest.json --split test --full-train-refit --epochs 2 --batch-size 256 --eval-batch-size 256 --lora-rank 4 --lora-alpha 8 --lora-dropout 0.05 --learning-rate 0.0001 --device cuda --run-id p5_timesfm2p5_lora_microgrid_load_24h_codex_locked,TimesFM 2.5 200M target-only LoRA secondary route; not XReg/covariate adaptation and not 500M evidence.,4.0,8.0,0.05,0.0001,p5_timesfm2p5_lora_microgrid_load_24h_codex_locked,,,,,,,,,,
p3_4by_timesfm2p5_lora_provincial_load_24h,tsfm,timesfm2p5,timesfm2p5_transformers_lora_target_only_p3_4bt,provincial_load,24h,secondary_h1_tsfm_finetune,True,p3_4bx_full_validation_confirmation,config/routes/timesfm2p5_transformers_lora_target_only_p3_4bt_provincial_load_24h.json,data/energy_tsfm_tuning/p3_4bx_tsfm_full_validation_confirmation_v0_codex_20260517/p3_4bx_lora_full_validation_metric_summary.csv,p3_4bv_timesfm2p5_lora_provincial_load_24h_target_only_stride4full_codex_20260517_lora_b256_eval256_e2,,full_day,0.0293479487475872,target_only_lora_rank4_alpha8,target_only,peft_lora_target_only_custom_prefix_loss,False,True,full_train_lora_before_test_once,data/energy_tsfm_formal_windows/p3_target_pure_v0_codex_20260514/subset_manifest.json,test,False,True,True,False,,,python,2.0,256.0,256.0,232108480.0,819200.0,False,python scripts/run_p5_main_test_once.py --model timesfm2p5 --route timesfm2p5_transformers_lora_target_only_p3_4bt --domain provincial_load --horizon 24h --subset-manifest data/energy_tsfm_formal_windows/p3_target_pure_v0_codex_20260514/subset_manifest.json --split test --full-train-refit --epochs 2 --batch-size 256 --eval-batch-size 256 --lora-rank 4 --lora-alpha 8 --lora-dropout 0.05 --learning-rate 0.0001 --device cuda --run-id p5_timesfm2p5_lora_provincial_load_24h_codex_locked,TimesFM 2.5 200M target-only LoRA secondary route; not XReg/covariate adaptation and not 500M evidence.,4.0,8.0,0.05,0.0001,p5_timesfm2p5_lora_provincial_load_24h_codex_locked,,,,,,,,,,
p3_4by_timesfm2p5_lora_provincial_load_4h,tsfm,timesfm2p5,timesfm2p5_transformers_lora_target_only_p3_4bt,provincial_load,4h,secondary_h1_tsfm_finetune,True,p3_4bx_full_validation_confirmation,config/routes/timesfm2p5_transformers_lora_target_only_p3_4bt_provincial_load_4h.json,data/energy_tsfm_tuning/p3_4bx_tsfm_full_validation_confirmation_v0_codex_20260517/p3_4bx_lora_full_validation_metric_summary.csv,p3_4bv_timesfm2p5_lora_provincial_load_4h_target_only_stride4full_codex_20260517_lora_b256_eval256_e2,,full_day,0.018342822537146,target_only_lora_rank4_alpha8,target_only,peft_lora_target_only_custom_prefix_loss,False,True,full_train_lora_before_test_once,data/energy_tsfm_formal_windows/p3_target_pure_v0_codex_20260514/subset_manifest.json,test,False,True,True,False,,,python,2.0,256.0,256.0,232108480.0,819200.0,False,python scripts/run_p5_main_test_once.py --model timesfm2p5 --route timesfm2p5_transformers_lora_target_only_p3_4bt --domain provincial_load --horizon 4h --subset-manifest data/energy_tsfm_formal_windows/p3_target_pure_v0_codex_20260514/subset_manifest.json --split test --full-train-refit --epochs 2 --batch-size 256 --eval-batch-size 256 --lora-rank 4 --lora-alpha 8 --lora-dropout 0.05 --learning-rate 0.0001 --device cuda --run-id p5_timesfm2p5_lora_provincial_load_4h_codex_locked,TimesFM 2.5 200M target-only LoRA secondary route; not XReg/covariate adaptation and not 500M evidence.,4.0,8.0,0.05,0.0001,p5_timesfm2p5_lora_provincial_load_4h_codex_locked,,,,,,,,,,
p3_4by_timesfm2p5_xreg_aidc_power_optional_24h,tsfm,timesfm2p5,timesfm2p5_xreg_cellwise_parity_ablation_p3_4bp,aidc_power_optional,24h,primary_h1_tsfm_xreg,True,p3_4bx_full_validation_confirmation,config/routes/timesfm2p5_xreg_cellwise_parity_ablation_p3_4bp_aidc_power_optional_24h.json,data/energy_tsfm_tuning/p3_4bx_tsfm_full_validation_confirmation_v0_codex_20260517/p3_4bx_xreg_full_validation_metric_summary.csv,p3_4bv_timesfm2p5_xreg_aidc_power_optional_24h_full_parity_ridge1e_1_stride4full_codex_20260517_torchcuda_b64,,full_day,0.1483802281941355,timesfm2p5_p3_4bp_full_parity_ridge1e_1,full_parity_ridge1e_1,xreg_covariate_adaptation_no_parameter_finetune,True,True,full_train_xreg_calibration_before_test_once,data/energy_tsfm_formal_windows/p3_target_pure_v0_codex_20260514/subset_manifest.json,test,False,True,True,False,,,python,,64.0,64.0,231289280.0,0.0,False,python scripts/run_p5_main_test_once.py --model timesfm2p5 --route timesfm2p5_xreg_cellwise_parity_ablation_p3_4bp --domain aidc_power_optional --horizon 24h --variant full_parity_ridge1e_1 --subset-manifest data/energy_tsfm_formal_windows/p3_target_pure_v0_codex_20260514/subset_manifest.json --split test --full-train-refit --device cuda --run-id p5_timesfm2p5_xreg_aidc_power_optional_24h_codex_locked,TimesFM 2.5 200M XReg/covariate adaptation; not parameter fine-tuning and not 500M evidence.,,,,,,,,,,,,,,,
p3_4by_timesfm2p5_xreg_aidc_power_optional_4h,tsfm,timesfm2p5,timesfm2p5_xreg_cellwise_parity_ablation_p3_4bp,aidc_power_optional,4h,primary_h1_tsfm_xreg,True,p3_4bx_full_validation_confirmation,config/routes/timesfm2p5_xreg_cellwise_parity_ablation_p3_4bp_aidc_power_optional_4h.json,data/energy_tsfm_tuning/p3_4bx_tsfm_full_validation_confirmation_v0_codex_20260517/p3_4bx_xreg_full_validation_metric_summary.csv,p3_4bv_timesfm2p5_xreg_aidc_power_optional_4h_context_covariates_plus_lead_ridge1e_3_stride4full_codex_20260517_torchcuda_b64,,full_day,0.0838921559613709,timesfm2p5_p3_4bp_context_covariates_plus_lead_ridge1e_3,context_covariates_plus_lead_ridge1e_3,xreg_covariate_adaptation_no_parameter_finetune,True,True,full_train_xreg_calibration_before_test_once,data/energy_tsfm_formal_windows/p3_target_pure_v0_codex_20260514/subset_manifest.json,test,False,True,True,False,,,python,,64.0,64.0,231289280.0,0.0,False,python scripts/run_p5_main_test_once.py --model timesfm2p5 --route timesfm2p5_xreg_cellwise_parity_ablation_p3_4bp --domain aidc_power_optional --horizon 4h --variant context_covariates_plus_lead_ridge1e_3 --subset-manifest data/energy_tsfm_formal_windows/p3_target_pure_v0_codex_20260514/subset_manifest.json --split test --full-train-refit --device cuda --run-id p5_timesfm2p5_xreg_aidc_power_optional_4h_codex_locked,TimesFM 2.5 200M XReg/covariate adaptation; not parameter fine-tuning and not 500M evidence.,,,,,,,,,,,,,,,
p3_4by_timesfm2p5_xreg_aluminum_load_24h,tsfm,timesfm2p5,timesfm2p5_xreg_cellwise_parity_ablation_p3_4bp,aluminum_load,24h,primary_h1_tsfm_xreg,True,p3_4bx_full_validation_confirmation,config/routes/timesfm2p5_xreg_cellwise_parity_ablation_p3_4bp_aluminum_load_24h.json,data/energy_tsfm_tuning/p3_4bx_tsfm_full_validation_confirmation_v0_codex_20260517/p3_4bx_xreg_full_validation_metric_summary.csv,p3_4bv_timesfm2p5_xreg_aluminum_load_24h_context_covariates_plus_lead_ridge1e_3_stride4full_codex_20260517_torchcuda_b64,,full_day,0.0011033990280483,timesfm2p5_p3_4bp_context_covariates_plus_lead_ridge1e_3,context_covariates_plus_lead_ridge1e_3,xreg_covariate_adaptation_no_parameter_finetune,True,True,full_train_xreg_calibration_before_test_once,data/energy_tsfm_formal_windows/p3_target_pure_v0_codex_20260514/subset_manifest.json,test,False,True,True,False,,,python,,64.0,64.0,231289280.0,0.0,False,python scripts/run_p5_main_test_once.py --model timesfm2p5 --route timesfm2p5_xreg_cellwise_parity_ablation_p3_4bp --domain aluminum_load --horizon 24h --variant context_covariates_plus_lead_ridge1e_3 --subset-manifest data/energy_tsfm_formal_windows/p3_target_pure_v0_codex_20260514/subset_manifest.json --split test --full-train-refit --device cuda --run-id p5_timesfm2p5_xreg_aluminum_load_24h_codex_locked,TimesFM 2.5 200M XReg/covariate adaptation; not parameter fine-tuning and not 500M evidence.,,,,,,,,,,,,,,,
p3_4by_timesfm2p5_xreg_aluminum_load_4h,tsfm,timesfm2p5,timesfm2p5_xreg_cellwise_parity_ablation_p3_4bp,aluminum_load,4h,primary_h1_tsfm_xreg,True,p3_4bx_full_validation_confirmation,config/routes/timesfm2p5_xreg_cellwise_parity_ablation_p3_4bp_aluminum_load_4h.json,data/energy_tsfm_tuning/p3_4bx_tsfm_full_validation_confirmation_v0_codex_20260517/p3_4bx_xreg_full_validation_metric_summary.csv,p3_4bv_timesfm2p5_xreg_aluminum_load_4h_baseline_energy_static_ridge1e_3_stride4full_codex_20260517_torchcuda_b64,,full_day,0.0008974451083746,timesfm2p5_p3_4bp_baseline_energy_static_ridge1e_3,baseline_energy_static_ridge1e_3,xreg_covariate_adaptation_no_parameter_finetune,True,True,full_train_xreg_calibration_before_test_once,data/energy_tsfm_formal_windows/p3_target_pure_v0_codex_20260514/subset_manifest.json,test,False,True,True,False,,,python,,64.0,64.0,231289280.0,0.0,False,python scripts/run_p5_main_test_once.py --model timesfm2p5 --route timesfm2p5_xreg_cellwise_parity_ablation_p3_4bp --domain aluminum_load --horizon 4h --variant baseline_energy_static_ridge1e_3 --subset-manifest data/energy_tsfm_formal_windows/p3_target_pure_v0_codex_20260514/subset_manifest.json --split test --full-train-refit --device cuda --run-id p5_timesfm2p5_xreg_aluminum_load_4h_codex_locked,TimesFM 2.5 200M XReg/covariate adaptation; not parameter fine-tuning and not 500M evidence.,,,,,,,,,,,,,,,
p3_4by_timesfm2p5_xreg_arena_pv_24h,tsfm,timesfm2p5,timesfm2p5_xreg_cellwise_parity_ablation_p3_4bp,arena_pv,24h,primary_h1_tsfm_xreg,True,p3_4bx_full_validation_confirmation,config/routes/timesfm2p5_xreg_cellwise_parity_ablation_p3_4bp_arena_pv_24h.json,data/energy_tsfm_tuning/p3_4bx_tsfm_full_validation_confirmation_v0_codex_20260517/p3_4bx_xreg_full_validation_metric_summary.csv,p3_4bv_timesfm2p5_xreg_arena_pv_24h_target_recent_plus_lead_ridge1e_3_stride4full_codex_20260517_torchcuda_b64,,full_day,0.7115153211687323,timesfm2p5_p3_4bp_target_recent_plus_lead_ridge1e_3,target_recent_plus_lead_ridge1e_3,xreg_covariate_adaptation_no_parameter_finetune,True,True,full_train_xreg_calibration_before_test_once,data/energy_tsfm_formal_windows/p3_target_pure_v0_codex_20260514/subset_manifest.json,test,False,True,True,False,,,python,,64.0,64.0,231289280.0,0.0,False,python scripts/run_p5_main_test_once.py --model timesfm2p5 --route timesfm2p5_xreg_cellwise_parity_ablation_p3_4bp --domain arena_pv --horizon 24h --variant target_recent_plus_lead_ridge1e_3 --subset-manifest data/energy_tsfm_formal_windows/p3_target_pure_v0_codex_20260514/subset_manifest.json --split test --full-train-refit --device cuda --run-id p5_timesfm2p5_xreg_arena_pv_24h_codex_locked,TimesFM 2.5 200M XReg/covariate adaptation; not parameter fine-tuning and not 500M evidence.,,,,,,,,,,,,,,,
p3_4by_timesfm2p5_xreg_arena_pv_4h,tsfm,timesfm2p5,timesfm2p5_xreg_cellwise_parity_ablation_p3_4bp,arena_pv,4h,primary_h1_tsfm_xreg,True,p3_4bx_full_validation_confirmation,config/routes/timesfm2p5_xreg_cellwise_parity_ablation_p3_4bp_arena_pv_4h.json,data/energy_tsfm_tuning/p3_4bx_tsfm_full_validation_confirmation_v0_codex_20260517/p3_4bx_xreg_full_validation_metric_summary.csv,p3_4bv_timesfm2p5_xreg_arena_pv_4h_target_recent_plus_lead_ridge1e_3_stride4full_codex_20260517_torchcuda_b64,,full_day,0.4834455754195744,timesfm2p5_p3_4bp_target_recent_plus_lead_ridge1e_3,target_recent_plus_lead_ridge1e_3,xreg_covariate_adaptation_no_parameter_finetune,True,True,full_train_xreg_calibration_before_test_once,data/energy_tsfm_formal_windows/p3_target_pure_v0_codex_20260514/subset_manifest.json,test,False,True,True,False,,,python,,64.0,64.0,231289280.0,0.0,False,python scripts/run_p5_main_test_once.py --model timesfm2p5 --route timesfm2p5_xreg_cellwise_parity_ablation_p3_4bp --domain arena_pv --horizon 4h --variant target_recent_plus_lead_ridge1e_3 --subset-manifest data/energy_tsfm_formal_windows/p3_target_pure_v0_codex_20260514/subset_manifest.json --split test --full-train-refit --device cuda --run-id p5_timesfm2p5_xreg_arena_pv_4h_codex_locked,TimesFM 2.5 200M XReg/covariate adaptation; not parameter fine-tuning and not 500M evidence.,,,,,,,,,,,,,,,
p3_4by_timesfm2p5_xreg_microgrid_load_24h,tsfm,timesfm2p5,timesfm2p5_xreg_cellwise_parity_ablation_p3_4bp,microgrid_load,24h,primary_h1_tsfm_xreg,True,p3_4bx_full_validation_confirmation,config/routes/timesfm2p5_xreg_cellwise_parity_ablation_p3_4bp_microgrid_load_24h.json,data/energy_tsfm_tuning/p3_4bx_tsfm_full_validation_confirmation_v0_codex_20260517/p3_4bx_xreg_full_validation_metric_summary.csv,p3_4bv_timesfm2p5_xreg_microgrid_load_24h_target_global_plus_lead_ridge1e_3_stride4full_codex_20260517_torchcuda_b64,,full_day,0.1326896778898609,timesfm2p5_p3_4bp_target_global_plus_lead_ridge1e_3,target_global_plus_lead_ridge1e_3,xreg_covariate_adaptation_no_parameter_finetune,True,True,full_train_xreg_calibration_before_test_once,data/energy_tsfm_formal_windows/p3_target_pure_v0_codex_20260514/subset_manifest.json,test,False,True,True,False,,,python,,64.0,64.0,231289280.0,0.0,False,python scripts/run_p5_main_test_once.py --model timesfm2p5 --route timesfm2p5_xreg_cellwise_parity_ablation_p3_4bp --domain microgrid_load --horizon 24h --variant target_global_plus_lead_ridge1e_3 --subset-manifest data/energy_tsfm_formal_windows/p3_target_pure_v0_codex_20260514/subset_manifest.json --split test --full-train-refit --device cuda --run-id p5_timesfm2p5_xreg_microgrid_load_24h_codex_locked,TimesFM 2.5 200M XReg/covariate adaptation; not parameter fine-tuning and not 500M evidence.,,,,,,,,,,,,,,,
p3_4by_timesfm2p5_xreg_microgrid_load_4h,tsfm,timesfm2p5,timesfm2p5_xreg_cellwise_parity_ablation_p3_4bp,microgrid_load,4h,primary_h1_tsfm_xreg,True,p3_4bx_full_validation_confirmation,config/routes/timesfm2p5_xreg_cellwise_parity_ablation_p3_4bp_microgrid_load_4h.json,data/energy_tsfm_tuning/p3_4bx_tsfm_full_validation_confirmation_v0_codex_20260517/p3_4bx_xreg_full_validation_metric_summary.csv,p3_4bv_timesfm2p5_xreg_microgrid_load_4h_lead_only_ridge1e_3_stride4full_codex_20260517_torchcuda_b64,,full_day,0.0969388105946083,timesfm2p5_p3_4bp_lead_only_ridge1e_3,lead_only_ridge1e_3,xreg_covariate_adaptation_no_parameter_finetune,True,True,full_train_xreg_calibration_before_test_once,data/energy_tsfm_formal_windows/p3_target_pure_v0_codex_20260514/subset_manifest.json,test,False,True,True,False,,,python,,64.0,64.0,231289280.0,0.0,False,python scripts/run_p5_main_test_once.py --model timesfm2p5 --route timesfm2p5_xreg_cellwise_parity_ablation_p3_4bp --domain microgrid_load --horizon 4h --variant lead_only_ridge1e_3 --subset-manifest data/energy_tsfm_formal_windows/p3_target_pure_v0_codex_20260514/subset_manifest.json --split test --full-train-refit --device cuda --run-id p5_timesfm2p5_xreg_microgrid_load_4h_codex_locked,TimesFM 2.5 200M XReg/covariate adaptation; not parameter fine-tuning and not 500M evidence.,,,,,,,,,,,,,,,
p3_4by_timesfm2p5_xreg_provincial_load_24h,tsfm,timesfm2p5,timesfm2p5_xreg_cellwise_parity_ablation_p3_4bp,provincial_load,24h,primary_h1_tsfm_xreg,True,p3_4bx_full_validation_confirmation,config/routes/timesfm2p5_xreg_cellwise_parity_ablation_p3_4bp_provincial_load_24h.json,data/energy_tsfm_tuning/p3_4bx_tsfm_full_validation_confirmation_v0_codex_20260517/p3_4bx_xreg_full_validation_metric_summary.csv,p3_4bv_timesfm2p5_xreg_provincial_load_24h_lead_only_ridge1e_3_stride4full_codex_20260517_torchcuda_b64,,full_day,0.0624434074258482,timesfm2p5_p3_4bp_lead_only_ridge1e_3,lead_only_ridge1e_3,xreg_covariate_adaptation_no_parameter_finetune,True,True,full_train_xreg_calibration_before_test_once,data/energy_tsfm_formal_windows/p3_target_pure_v0_codex_20260514/subset_manifest.json,test,False,True,True,False,,,python,,64.0,64.0,231289280.0,0.0,False,python scripts/run_p5_main_test_once.py --model timesfm2p5 --route timesfm2p5_xreg_cellwise_parity_ablation_p3_4bp --domain provincial_load --horizon 24h --variant lead_only_ridge1e_3 --subset-manifest data/energy_tsfm_formal_windows/p3_target_pure_v0_codex_20260514/subset_manifest.json --split test --full-train-refit --device cuda --run-id p5_timesfm2p5_xreg_provincial_load_24h_codex_locked,TimesFM 2.5 200M XReg/covariate adaptation; not parameter fine-tuning and not 500M evidence.,,,,,,,,,,,,,,,
p3_4by_timesfm2p5_xreg_provincial_load_4h,tsfm,timesfm2p5,timesfm2p5_xreg_cellwise_parity_ablation_p3_4bp,provincial_load,4h,primary_h1_tsfm_xreg,True,p3_4bx_full_validation_confirmation,config/routes/timesfm2p5_xreg_cellwise_parity_ablation_p3_4bp_provincial_load_4h.json,data/energy_tsfm_tuning/p3_4bx_tsfm_full_validation_confirmation_v0_codex_20260517/p3_4bx_xreg_full_validation_metric_summary.csv,p3_4bv_timesfm2p5_xreg_provincial_load_4h_lead_only_ridge1e_3_stride4full_codex_20260517_torchcuda_b64,,full_day,0.045180757621445,timesfm2p5_p3_4bp_lead_only_ridge1e_3,lead_only_ridge1e_3,xreg_covariate_adaptation_no_parameter_finetune,True,True,full_train_xreg_calibration_before_test_once,data/energy_tsfm_formal_windows/p3_target_pure_v0_codex_20260514/subset_manifest.json,test,False,True,True,False,,,python,,64.0,64.0,231289280.0,0.0,False,python scripts/run_p5_main_test_once.py --model timesfm2p5 --route timesfm2p5_xreg_cellwise_parity_ablation_p3_4bp --domain provincial_load --horizon 4h --variant lead_only_ridge1e_3 --subset-manifest data/energy_tsfm_formal_windows/p3_target_pure_v0_codex_20260514/subset_manifest.json --split test --full-train-refit --device cuda --run-id p5_timesfm2p5_xreg_provincial_load_4h_codex_locked,TimesFM 2.5 200M XReg/covariate adaptation; not parameter fine-tuning and not 500M evidence.,,,,,,,,,,,,,,,
